sub_sis,sub_sis_nome,pot_instalada
1,1 - Sudeste,65678.79999999999
2,2 - Sul,16172.699999999999
3,3 - Nordeste,14315.9
4,4 - Norte,24468.899999999998
